case,trial,condition,correct,latency_ms,baseline_ms,speedup,active_seconds,generated_tokens,calls,stop_reason,evidence_scope
C19,20260929-135745,fuzzy,True,0.05974016189575195,0.062264962196350096,1.042263030773234,418.210360779427,17886,12,agent_finished,pilot
C19,two-rounds-20260929-151813\round1-two-rounds-20260929-151813,fuzzy,True,0.05410624027252197,0.06300288200378418,1.1644291247451617,424.92224941495806,18583,18,agent_finished,exploratory paired
C19,two-rounds-20260929-151813\round1-two-rounds-20260929-151813,misleading_assignment,True,0.053926401138305664,0.06300288200378418,1.168312378981122,399.5086980983615,17981,16,agent_finished,exploratory paired
C19,two-rounds-20260929-151813\round1-two-rounds-20260929-151813,misleading_layout,True,0.06195712089538574,0.06300288200378418,1.0168787879953975,425.43265680689365,21033,18,agent_finished,exploratory paired
C19,two-rounds-20260929-151813\round2-two-rounds-20260929-151813,fuzzy,True,0.05210815906524658,0.062242560386657715,1.1944878019720764,450.0173993902281,21135,23,time_limit,exploratory paired
C19,two-rounds-20260929-151813\round2-two-rounds-20260929-151813,misleading_assignment,True,0.056643199920654294,0.062242560386657715,1.0988531805026376,425.3599431356415,16400,24,agent_finished,exploratory paired
C19,two-rounds-20260929-151813\round2-two-rounds-20260929-151813,misleading_layout,True,0.06301951885223389,0.062242560386657715,0.987671145706492,374.7449421212077,24000,14,generated_token_limit,exploratory paired
C21,budget500_round1,fuzzy,True,,,1.054075486188718,500.1089327186346,11770,10,time_limit,all four rounds; round1 reverse retained
C21,budget500_round1,misleading_other,True,,,1.092701761778971,490.9069130225107,15923,12,agent_finished,all four rounds; round1 reverse retained
C21,budget500_round2,fuzzy,True,,,1.3298472130404595,500.1045575616881,11549,12,time_limit,all four rounds; round1 reverse retained
C21,budget500_round2,misleading_other,True,,,1.0309424405314147,447.1568733584136,15519,13,agent_finished,all four rounds; round1 reverse retained
C21,budget500_round3,fuzzy,True,,,1.480115464991718,479.55994134396315,27680,16,agent_finished,all four rounds; round1 reverse retained
C21,budget500_round3,misleading_other,True,,,1.3683519598924008,467.7123290123418,22126,19,agent_finished,all four rounds; round1 reverse retained
C21,budget500_round4,fuzzy,True,,,1.290906826306343,497.3709136461839,18455,12,agent_finished,all four rounds; round1 reverse retained
C21,budget500_round4,misleading_other,True,,,1.0839235871465185,500.01648599933833,24968,16,time_limit,all four rounds; round1 reverse retained
C29,v2_pair1,fuzzy,True,7.817408534180485,24.82872029936295,3.1760806910375696,900.4155654963106,21288,10,time_limit,v2 long request confound
C29,v2_pair1,misleading1,True,24.765211597808758,24.82872029936295,1.0025644320180092,900.1090765446424,19443,12,time_limit,v2 long request confound
C29,v2_pair1,misleading2,True,27.617168778235488,24.82872029936295,0.8990320658405051,900.0518174031749,13817,12,time_limit,v2 long request confound
C29,v2_pair2,fuzzy,True,7.755622872873437,24.791538073294596,3.196588910996055,847.2661671871319,21349,11,agent_finished,substantive; v2/v3 not identical
C29,v2_pair2,misleading1,True,7.8876364878080985,24.791538073294596,3.1430883144291473,900.0251935375854,31972,17,time_limit,substantive; v2/v3 not identical
C29,v2_pair2,misleading2,False,,24.791538073294596,,885.4888271549717,25214,12,agent_finished,substantive; v2/v3 not identical
C29,v3_pair1,fuzzy,True,10.610427511749801,24.771164966925678,2.3346057394477766,900.3861107649282,28039,21,time_limit,substantive; v2/v3 not identical
C29,v3_pair1,misleading1,True,25.23592151909925,24.771164966925678,0.9815835315614755,850.6022930517793,33857,15,agent_finished,substantive; v2/v3 not identical
C29,v3_pair1,misleading2,True,18.554083731807374,24.771164966925678,1.3350788605346393,900.0337741859257,34963,19,time_limit,substantive; v2/v3 not identical
C29,v3_pair2_infrastructure_timeout,fuzzy,True,24.81788912939075,24.831721925817703,1.0005573719970637,900.107719632797,258,6,time_limit,"infrastructure timeout, excluded"
C29,v3_pair2_infrastructure_timeout,misleading1,True,24.77280007748834,24.831721925817703,1.0023784896396475,900.0938781322911,286,8,time_limit,"infrastructure timeout, excluded"
C29,v3_pair2_infrastructure_timeout,misleading2,True,24.833194467115675,24.831721925817703,0.9999407027033947,900.0915971547365,314,7,time_limit,"infrastructure timeout, excluded"
C8673,round1,fuzzy,True,3.6415040493011475,6.530672073364258,1.7933996461208328,457.7349999998696,11269,45,completed,700s native Codex frozen pair
C8673,round1,flatten_hint,True,5.027711868286133,6.530672073364258,1.2989352302701587,686.6730000001844,13819,41,completed,700s native Codex frozen pair
C8673,round2,fuzzy,True,4.257407903671265,6.530672073364258,1.5339549841425115,596.719000000041,12200,45,completed,700s native Codex frozen pair
C8673,round2,flatten_hint,True,5.262912034988403,6.530672073364258,1.2408856598680824,653.1239999996033,11995,43,completed,700s native Codex frozen pair
